{"cameraMode":{"drawMode":0,"name":"Shaded","section":"Shading Mode"},"sceneLighting":true,"audioPlay":false,"sceneViewState":{"m_AlwaysRefresh":false,"showFog":true,"showSkybox":true,"showFlares":true,"showImageEffects":true,"showParticleSystems":true,"showVisualEffectGraphs":true,"m_FxEnabled":true},"in2DMode":false,"pivot":{"x":0.17478206753730775,"y":1.0815905332565308,"z":-2.4622464179992677},"rotation":{"x":0.15471434593200684,"y":-0.780554473400116,"z":0.2130029797554016,"w":0.5669623613357544},"size":6.471066474914551,"orthographic":true}