{"cameraMode":{"drawMode":0,"name":"Shaded","section":"Shading Mode"},"sceneLighting":true,"audioPlay":false,"sceneViewState":{"m_AlwaysRefresh":false,"showFog":true,"showSkybox":true,"showFlares":true,"showImageEffects":true,"showParticleSystems":true,"showVisualEffectGraphs":true,"m_FxEnabled":true},"in2DMode":false,"pivot":{"x":-4.545258045196533,"y":2.6377642154693605,"z":-1.6604640483856202},"rotation":{"x":0.04621123895049095,"y":-0.7456496953964233,"z":0.051971662789583209,"w":0.6627365946769714},"size":11.8255033493042,"orthographic":true}